INSERT INTO Service_Center
VALUES('S0001', 'Downtown Auto Care', '437 Fayetteville St., Raleigh, NC 27601', '1.800.899.9999');

INSERT INTO Service_Center
VALUES('S0002', 'Express Auto Shop', '201 N Tryon St, Charlotte, NC 28202', '1.704.333.1555');

INSERT INTO Inventory VALUES (1, 'Air Filter ', 'Honda' , 'S0001', 43,20,5);
INSERT INTO Inventory VALUES (2, 'Axel Rod ', 'Honda' , 'S0001', 8,5,7);
INSERT INTO Inventory VALUES (3, 'Battery', 'Honda' , 'S0001', 20,20,5);
INSERT INTO Inventory VALUES (4, 'Brake Fluid', 'Honda' , 'S0001', 14,4,6);
INSERT INTO Inventory VALUES (5, 'Brake Shoes', 'Honda' , 'S0001', 8,4,3);
INSERT INTO Inventory VALUES (6, 'Camshaft', 'Honda' , 'S0001', 22,20,5);
INSERT INTO Inventory VALUES (7, 'Catalytic converter', 'Honda' , 'S0001', 31,10,5);
INSERT INTO Inventory VALUES (8, 'Coolant', 'Honda' , 'S0001', 23,23,4);
INSERT INTO Inventory VALUES (9, 'Drive belt', 'Honda' , 'S0001', 35,30,5);
INSERT INTO Inventory VALUES (10, 'Engine oil', 'Honda' , 'S0001', 15,5,5);
INSERT INTO Inventory VALUES (11, 'Gears', 'Honda' , 'S0001', 18,3,5);
INSERT INTO Inventory VALUES (12, 'Light assembly', 'Honda' , 'S0001', 12,20,8);
INSERT INTO Inventory VALUES (13, 'Oil Filter', 'Honda' , 'S0001', 22,4,4);
INSERT INTO Inventory VALUES (14, 'Piston', 'Honda' , 'S0001', 55,48,2);
INSERT INTO Inventory VALUES (15, 'Power Steering Fluid', 'Honda' , 'S0001', 12,7,5);
INSERT INTO Inventory VALUES (16, 'Spark plug', 'Honda' , 'S0001', 45,42,5);
INSERT INTO Inventory VALUES (17, 'Suspension fluid', 'Honda' , 'S0001', 13,11,5);
INSERT INTO Inventory VALUES (18, 'Valve', 'Honda' , 'S0001', 12,7,5);
INSERT INTO Inventory VALUES (19, 'Wiper Fluid ', 'Honda' , 'S0001', 12,5,5);
INSERT INTO Inventory VALUES (1, 'Air Filter ', 'Honda' , 'S0002', 46,35,6);
INSERT INTO Inventory VALUES (2, 'Axel Rod ', 'Honda' , 'S0002', 7,6,10);
INSERT INTO Inventory VALUES (3, 'Battery', 'Honda' , 'S0002', 64,52,3);
INSERT INTO Inventory VALUES (4, 'Brake Fluid', 'Honda' , 'S0002', 15,3,3);
INSERT INTO Inventory VALUES (5, 'Brake Shoes', 'Honda' , 'S0002', 20,3,5);
INSERT INTO Inventory VALUES (6, 'Camshaft', 'Honda' , 'S0002', 42,42,6);
INSERT INTO Inventory VALUES (7, 'Catalytic converter', 'Honda' , 'S0002', 29,24,5);
INSERT INTO Inventory VALUES (8, 'Coolant', 'Honda' , 'S0002', 21,12,4);
INSERT INTO Inventory VALUES (9, 'Drive belt', 'Honda' , 'S0002', 30,23,4);
INSERT INTO Inventory VALUES (10, 'Engine oil', 'Honda' , 'S0002', 26,10,5);
INSERT INTO Inventory VALUES (11, 'Gears', 'Honda' , 'S0002', 70,7,5);
INSERT INTO Inventory VALUES (12, 'Light assembly', 'Honda' , 'S0002', 8,6,3);
INSERT INTO Inventory VALUES (13, 'Oil Filter', 'Honda' , 'S0002', 31,24,5);
INSERT INTO Inventory VALUES (14, 'Piston', 'Honda' , 'S0002', 81,73,5);
INSERT INTO Inventory VALUES (15, 'Power Steering Fluid', 'Honda' , 'S0002', 17,6,4);
INSERT INTO Inventory VALUES (16, 'Spark plug', 'Honda' , 'S0002', 50,32,4);
INSERT INTO Inventory VALUES (17, 'Suspension fluid', 'Honda' , 'S0002', 15,6,6);
INSERT INTO Inventory VALUES (18, 'Valve', 'Honda' , 'S0002', 11,3,6);
INSERT INTO Inventory VALUES (19, 'Wiper Fluid ', 'Honda' , 'S0002', 16,13,5);
INSERT INTO Inventory VALUES (1, 'Air Filter ', 'Toyota' , 'S0001', 13,2,5);
INSERT INTO Inventory VALUES (2, 'Axel Rod ', 'Toyota' , 'S0001', 18,5,7);
INSERT INTO Inventory VALUES (3, 'Battery', 'Toyota' , 'S0001', 10,2,5);
INSERT INTO Inventory VALUES (4, 'Brake Fluid', 'Toyota' , 'S0001', 4,4,6);
INSERT INTO Inventory VALUES (5, 'Brake Shoes', 'Toyota' , 'S0001', 18,4,3);
INSERT INTO Inventory VALUES (6, 'Camshaft', 'Toyota' , 'S0001', 12,2,5);
INSERT INTO Inventory VALUES (7, 'Catalytic converter', 'Toyota' , 'S0001', 11,1,5);
INSERT INTO Inventory VALUES (8, 'Coolant', 'Toyota' , 'S0001', 13,2,4);
INSERT INTO Inventory VALUES (9, 'Drive belt', 'Toyota' , 'S0001', 15,3,5);
INSERT INTO Inventory VALUES (10, 'Engine oil', 'Toyota' , 'S0001', 5,5,5);
INSERT INTO Inventory VALUES (11, 'Gears', 'Toyota' , 'S0001', 8,3,5);
INSERT INTO Inventory VALUES (12, 'Light assembly', 'Toyota' , 'S0001', 2,1,8);
INSERT INTO Inventory VALUES (13, 'Oil Filter', 'Toyota' , 'S0001', 1,1,4);
INSERT INTO Inventory VALUES (14, 'Piston', 'Toyota' , 'S0001', 15,4,2);
INSERT INTO Inventory VALUES (15, 'Power Steering Fluid', 'Toyota' , 'S0001', 2,1,5);
INSERT INTO Inventory VALUES (16, 'Spark plug', 'Toyota' , 'S0001', 15,4,5);
INSERT INTO Inventory VALUES (17, 'Suspension fluid', 'Toyota' , 'S0001', 3,1,5);
INSERT INTO Inventory VALUES (18, 'Valve', 'Toyota' , 'S0001', 12,7,5);
INSERT INTO Inventory VALUES (19, 'Wiper Fluid ', 'Toyota' , 'S0001', 12,5,5);
INSERT INTO Inventory VALUES (1, 'Air Filter ', 'Toyota' , 'S0002', 26,5,6);
INSERT INTO Inventory VALUES (2, 'Axel Rod ', 'Toyota' , 'S0002', 27,6,10);
INSERT INTO Inventory VALUES (3, 'Battery', 'Toyota' , 'S0002', 24,2,3);
INSERT INTO Inventory VALUES (4, 'Brake Fluid', 'Toyota' , 'S0002', 25,3,3);
INSERT INTO Inventory VALUES (5, 'Brake Shoes', 'Toyota' , 'S0002', 20,3,5);
INSERT INTO Inventory VALUES (6, 'Camshaft', 'Toyota' , 'S0002', 22,2,6);
INSERT INTO Inventory VALUES (7, 'Catalytic converter', 'Toyota' , 'S0002', 29,4,5);
INSERT INTO Inventory VALUES (8, 'Coolant', 'Toyota' , 'S0002', 21,2,4);
INSERT INTO Inventory VALUES (9, 'Drive belt', 'Toyota' , 'S0002', 20,3,4);
INSERT INTO Inventory VALUES (10, 'Engine oil', 'Toyota' , 'S0002', 26,20,5);
INSERT INTO Inventory VALUES (11, 'Gears', 'Toyota' , 'S0002', 20,7,5);
INSERT INTO Inventory VALUES (12, 'Light assembly', 'Toyota' , 'S0002', 28,6,3);
INSERT INTO Inventory VALUES (13, 'Oil Filter', 'Toyota' , 'S0002', 21,4,5);
INSERT INTO Inventory VALUES (14, 'Piston', 'Toyota' , 'S0002', 21,3,5);
INSERT INTO Inventory VALUES (15, 'Power Steering Fluid', 'Toyota' , 'S0002', 27,6,4);
INSERT INTO Inventory VALUES (16, 'Spark plug', 'Toyota' , 'S0002', 20,2,4);
INSERT INTO Inventory VALUES (17, 'Suspension fluid', 'Toyota' , 'S0002', 25,6,6);
INSERT INTO Inventory VALUES (18, 'Valve', 'Toyota' , 'S0002', 11,3,6);
INSERT INTO Inventory VALUES (19, 'Wiper Fluid ', 'Toyota' , 'S0002', 16,13,5);
INSERT INTO Inventory VALUES (1, 'Air Filter ', 'Nissan' , 'S0001', 33,20,5);
INSERT INTO Inventory VALUES (2, 'Axel Rod ', 'Nissan' , 'S0001', 38,5,7);
INSERT INTO Inventory VALUES (3, 'Battery', 'Nissan' , 'S0001', 30,20,5);
INSERT INTO Inventory VALUES (4, 'Brake Fluid', 'Nissan' , 'S0001', 34,4,6);
INSERT INTO Inventory VALUES (5, 'Brake Shoes', 'Nissan' , 'S0001', 38,4,3);
INSERT INTO Inventory VALUES (6, 'Camshaft', 'Nissan' , 'S0001', 32,20,5);
INSERT INTO Inventory VALUES (7, 'Catalytic converter', 'Nissan' , 'S0001', 31,10,5);
INSERT INTO Inventory VALUES (8, 'Coolant', 'Nissan' , 'S0001', 33,23,4);
INSERT INTO Inventory VALUES (9, 'Drive belt', 'Nissan' , 'S0001', 35,30,5);
INSERT INTO Inventory VALUES (10, 'Engine oil', 'Nissan' , 'S0001', 35,5,5);
INSERT INTO Inventory VALUES (11, 'Gears', 'Nissan' , 'S0001', 38,3,5);
INSERT INTO Inventory VALUES (12, 'Light assembly', 'Nissan' , 'S0001', 32,10,8);
INSERT INTO Inventory VALUES (13, 'Oil Filter', 'Nissan' , 'S0001', 31,4,4);
INSERT INTO Inventory VALUES (14, 'Piston', 'Nissan' , 'S0001', 35,18,2);
INSERT INTO Inventory VALUES (15, 'Power Steering Fluid', 'Nissan' , 'S0001', 32,7,5);
INSERT INTO Inventory VALUES (16, 'Spark plug', 'Nissan' , 'S0001', 35,12,5);
INSERT INTO Inventory VALUES (17, 'Suspension fluid', 'Nissan' , 'S0001', 33,11,5);
INSERT INTO Inventory VALUES (18, 'Valve', 'Nissan' , 'S0001', 12,7,5);
INSERT INTO Inventory VALUES (19, 'Wiper Fluid ', 'Nissan' , 'S0001', 12,5,5);
INSERT INTO Inventory VALUES (1, 'Air Filter ', 'Nissan' , 'S0002', 16,5,6);
INSERT INTO Inventory VALUES (2, 'Axel Rod ', 'Nissan' , 'S0002', 17,6,10);
INSERT INTO Inventory VALUES (3, 'Battery', 'Nissan' , 'S0002', 14,5,3);
INSERT INTO Inventory VALUES (4, 'Brake Fluid', 'Nissan' , 'S0002', 15,3,3);
INSERT INTO Inventory VALUES (5, 'Brake Shoes', 'Nissan' , 'S0002', 10,3,5);
INSERT INTO Inventory VALUES (6, 'Camshaft', 'Nissan' , 'S0002', 12,4,6);
INSERT INTO Inventory VALUES (7, 'Catalytic converter', 'Nissan' , 'S0002', 19,4,5);
INSERT INTO Inventory VALUES (8, 'Coolant', 'Nissan' , 'S0002', 11,2,4);
INSERT INTO Inventory VALUES (9, 'Drive belt', 'Nissan' , 'S0002', 10,3,4);
INSERT INTO Inventory VALUES (10, 'Engine oil', 'Nissan' , 'S0002', 16,10,5);
INSERT INTO Inventory VALUES (11, 'Gears', 'Nissan' , 'S0002', 10,7,5);
INSERT INTO Inventory VALUES (12, 'Light assembly', 'Nissan' , 'S0002', 18,6,3);
INSERT INTO Inventory VALUES (13, 'Oil Filter', 'Nissan' , 'S0002', 11,4,5);
INSERT INTO Inventory VALUES (14, 'Piston', 'Nissan' , 'S0002', 11,7,5);
INSERT INTO Inventory VALUES (15, 'Power Steering Fluid', 'Nissan' , 'S0002', 17,6,4);
INSERT INTO Inventory VALUES (16, 'Spark plug', 'Nissan' , 'S0002', 10,2,4);
INSERT INTO Inventory VALUES (17, 'Suspension fluid', 'Nissan' , 'S0002', 15,6,6);
INSERT INTO Inventory VALUES (18, 'Valve', 'Nissan' , 'S0002', 11,3,6);
INSERT INTO Inventory VALUES (19, 'Wiper Fluid ', 'Nissan' , 'S0002', 16,13,5);



insert into Customer Values(1001,'Tom Cruise','ethanhunt@gmail.com','203, Park St, Raleigh, NC - 27603','1234567890');
insert into Customer Values(1002,'Robert Downey Jr.','jarvis@gmail.com','12-A, High St, Raleigh, NC - 27605','9989877791');
insert into Customer Values(1003,'Taylor Swift','lovestory@gmail.com','2A, 3rd Ave, Charlotte, NC - 28134','8179827199');
insert into Customer Values(1004,'Serena Williams','venus@gmail.com','90, Gorman St, Charlotte, NC - 28201','8714791879');


insert into Employee values(950932130,1,'Larry Cohen','lacohen@acme.com', '1979 Henry Street, Raleigh, NC 27606','316-978-5494','15-08-2016');
insert into  Monthly_Paid_Emp values (950932130,'11000');
insert into Employee values(634622236,2,'Willis Martin','wimartin@acme.com', '465 Aviation Way, Raleigh, NC 27601','213-988-2011','04-12-2017');
insert into  Monthly_Paid_Emp values (634622236,'8000');
insert into Employee values(557279280,3,'Jacob Gloss','agloss@acme.com', '2014 Leverton Cove Road, Raleigh, NC 27560','413-335-9523','29-07-2018');
insert into  Mechanic_Emp values (557279280,30,0);
insert into Employee values(183683346,3,'Anthony Freeman','anfreeman@acme.com', '1188 Summit Street, Raleigh, NC 27627','563-496-7912','09-02-7912');
insert into  Mechanic_Emp values (183683346,40,0);
insert into Employee values(557279281,3,'Eric Fowler','erfowler@acme.com', '1114 Fincham Road, Raleigh, NC 27545','563-496-7912','01-05-9846');
insert into  Mechanic_Emp values (557279281,35,0);
insert into Employee values(557279282,3,'Roland Richmond','rorichmond@acme.com', '1951 Little Acres Lane, Raleigh, NC 27513','760-457-9846','28-12-2017');
insert into  Mechanic_Emp values (557279282,30,0);
insert into Employee values(557279283,3,'Peter Fitzpatrick','pefitzpatrick@acme.com', '4738 Buckhannan Avenue, Raleigh, NC 27625','315-485-1152','12-04-2017');
insert into  Mechanic_Emp values (557279283,34,0);
insert into Employee values(291056276,1,'Roderick Phillips','rophillips@acme.com', '1133 Burton Avenue, Charlotte, NC 28201','901-777-0492','12-04-2017');
insert into  Monthly_Paid_Emp values (291056276,'12000');
insert into Employee values(911639633,2,'Dena Holmes','deholmes@acme.com', '1382 Whispering Pines Circle, Charlotte, NC 28205','972-353-3691','04-01-2010');
insert into  Monthly_Paid_Emp values (911639633,'9000');
insert into Employee values(590424694,3,'Dustin Esparza','duesparza@acme.com', '3510 Hemlock Lane, Charlotte, NC 28202','956-444-0948','26-01-2017');
insert into  Mechanic_Emp values (590424694,35,0);
insert into Employee values(401671897,3,'Charles Pudilo','chpudilo@acme.com', '196 Park Boulevard, Charlotte, NC 28222','641-752-9403','01-06-2016');
insert into  Mechanic_Emp values (401671897,40,0);
insert into Employee values(310773348,3,'James Rivera','jarivera@acme.com', '908 Alpha Avenue, Charlotte, NC 28130','903-967-1809','29-10-2013');
insert into  Mechanic_Emp values (310773348,40,0);
insert into Employee values(983204784,3,'Willis Morton','wimorton@acme.com', '404 Tenmile, Charlotte, NC 28134','757-886-6330','13-10-2018');
insert into  Mechanic_Emp values (983204784,30,0);
insert into Employee values(187658163,3,'Rickie Henderson','rihenderson@acme.com', '1963 Chenoweth Drive, Charlotte, NC 28228','931-539-1294','29-03-2017');
insert into  Mechanic_Emp values (187658163,30,0);

INSERT INTO Service (ServiceID,Total_Fees,Total_Hours) VALUES (1,100.0,14.0);
INSERT INTO Service (ServiceID,Total_Fees,Total_Hours) VALUES (2,150.0,17.0);
INSERT INTO Service (ServiceID,Total_Fees,Total_Hours) VALUES (3,300.0,24.0);
INSERT INTO Service (ServiceID,Total_Fees,Total_Hours) VALUES (4,375.0,25.5);

INSERT INTO BasicService (BasicServiceID, Basic_Service_Name, Labour_Charge_Per_Hour,Hours_Required )
VALUES (1,'Air Filter Change',50,0.25);
INSERT INTO BasicService (BasicServiceID, Basic_Service_Name, Labour_Charge_Per_Hour,Hours_Required )
VALUES (2,'Battery Replacement',50,0.25);
INSERT INTO BasicService (BasicServiceID, Basic_Service_Name, Labour_Charge_Per_Hour,Hours_Required )
VALUES (3,'Brake Check',50,0.25);
INSERT INTO BasicService (BasicServiceID, Basic_Service_Name, Labour_Charge_Per_Hour,Hours_Required )
VALUES (4,'Brake Repair',50,0.5);
INSERT INTO BasicService (BasicServiceID, Basic_Service_Name, Labour_Charge_Per_Hour,Hours_Required )
VALUES (5,'CamShaft Replacement',65,1);
INSERT INTO BasicService (BasicServiceID, Basic_Service_Name, Labour_Charge_Per_Hour,Hours_Required )
VALUES (6,'Catalytic convertor replacement',65,1);
INSERT INTO BasicService (BasicServiceID, Basic_Service_Name, Labour_Charge_Per_Hour,Hours_Required )
VALUES (7,'Coolant Recycle',50,0.25);
INSERT INTO BasicService (BasicServiceID, Basic_Service_Name, Labour_Charge_Per_Hour,Hours_Required )
VALUES (8,'Drive Belt Replacement',65,1);
INSERT INTO BasicService (BasicServiceID, Basic_Service_Name, Labour_Charge_Per_Hour,Hours_Required )
VALUES (9,'Engine Oil Change',50,0.25);
INSERT INTO BasicService (BasicServiceID, Basic_Service_Name, Labour_Charge_Per_Hour,Hours_Required )
VALUES (10,'Gearbox repair',65,1);
INSERT INTO BasicService (BasicServiceID, Basic_Service_Name, Labour_Charge_Per_Hour,Hours_Required )
VALUES (11,'Headlights replacement',50,0.5);
INSERT INTO BasicService (BasicServiceID, Basic_Service_Name, Labour_Charge_Per_Hour,Hours_Required )
VALUES (12,'Oil Filter Change',50,0.25);
INSERT INTO BasicService (BasicServiceID, Basic_Service_Name, Labour_Charge_Per_Hour,Hours_Required )
VALUES (13,'Piston Replacement',65,1);
INSERT INTO BasicService (BasicServiceID, Basic_Service_Name, Labour_Charge_Per_Hour,Hours_Required )
VALUES (14,'Power steering check',50,0.25);
INSERT INTO BasicService (BasicServiceID, Basic_Service_Name, Labour_Charge_Per_Hour,Hours_Required )
VALUES (15,'Spark plugs replacement',50,0.25);
INSERT INTO BasicService (BasicServiceID, Basic_Service_Name, Labour_Charge_Per_Hour,Hours_Required )
VALUES (16,'Suspension check',50,0.25);
INSERT INTO BasicService (BasicServiceID, Basic_Service_Name, Labour_Charge_Per_Hour,Hours_Required )
VALUES (17,'Tail lights replacement',50,0.5);
INSERT INTO BasicService (BasicServiceID, Basic_Service_Name, Labour_Charge_Per_Hour,Hours_Required )
VALUES (18,'Turn lights replacement',50,0.5);
INSERT INTO BasicService (BasicServiceID, Basic_Service_Name, Labour_Charge_Per_Hour,Hours_Required )
VALUES (19,'Valve Replacement',65,1);
INSERT INTO BasicService (BasicServiceID, Basic_Service_Name, Labour_Charge_Per_Hour,Hours_Required )
VALUES (20,'Wheel alignment',65,1);
INSERT INTO BasicService (BasicServiceID, Basic_Service_Name, Labour_Charge_Per_Hour,Hours_Required )
VALUES (21,'Wiper check',50,0.25);


INSERT INTO PartRequired_car_model VALUES (1, ' Toyota Corolla', 1, 1);
INSERT INTO PartRequired_car_model VALUES (1, ' Toyota Prius', 1, 1);
INSERT INTO PartRequired_car_model VALUES (1, ' Honda Civic', 1, 1);
INSERT INTO PartRequired_car_model VALUES (1, ' Honda Accord', 1, 2);
INSERT INTO PartRequired_car_model VALUES (1, ' Nisan Altima', 1, 1);
INSERT INTO PartRequired_car_model VALUES (1, ' Nissan Rogue', 1, 3);

INSERT INTO PartRequired_car_model VALUES (2, ' Toyota Corolla', 3, 1);
INSERT INTO PartRequired_car_model VALUES (2, ' Toyota Prius', 3, 1);
INSERT INTO PartRequired_car_model VALUES (2, ' Honda Civic', 3, 1);
INSERT INTO PartRequired_car_model VALUES (2, ' Honda Accord', 3, 1);
INSERT INTO PartRequired_car_model VALUES (2, ' Nisan Altima', 3, 1);
INSERT INTO PartRequired_car_model VALUES (2, ' Nissan Rogue', 3, 2);


INSERT INTO PartRequired_car_model VALUES (3, ' Toyota Corolla', 4, 1);
INSERT INTO PartRequired_car_model VALUES (3, ' Toyota Prius', 4, 1);
INSERT INTO PartRequired_car_model VALUES (3, ' Honda Civic', 4, 1);
INSERT INTO PartRequired_car_model VALUES (3, ' Honda Accord', 4, 1);
INSERT INTO PartRequired_car_model VALUES (3, ' Nisan Altima', 4, 1);
INSERT INTO PartRequired_car_model VALUES (3, ' Nissan Rogue', 4, 2);


INSERT INTO PartRequired_car_model VALUES (4, ' Toyota Corolla', 5, 4);
INSERT INTO PartRequired_car_model VALUES (4, ' Toyota Prius', 5, 4);
INSERT INTO PartRequired_car_model VALUES (4, ' Honda Civic', 5, 4);
INSERT INTO PartRequired_car_model VALUES (4, ' Honda Accord', 4,4);
INSERT INTO PartRequired_car_model VALUES (4, ' Nisan Altima', 4, 4);
INSERT INTO PartRequired_car_model VALUES (4, ' Nissan Rogue', 4, 4);


INSERT INTO PartRequired_car_model VALUES (5, ' Toyota Corolla', 6, 1);
INSERT INTO PartRequired_car_model VALUES (5, ' Toyota Prius', 6, 1);
INSERT INTO PartRequired_car_model VALUES (5, ' Honda Civic', 6, 1);
INSERT INTO PartRequired_car_model VALUES (5, ' Honda Accord', 6, 1);
INSERT INTO PartRequired_car_model VALUES (5, ' Nisan Altima', 6, 1);
INSERT INTO PartRequired_car_model VALUES (5, ' Nissan Rogue', 6, 2);


INSERT INTO PartRequired_car_model VALUES (6, ' Toyota Corolla', 7, 1);
INSERT INTO PartRequired_car_model VALUES (6, ' Toyota Prius', 7, 1);
INSERT INTO PartRequired_car_model VALUES (6, ' Honda Civic', 7, 1);
INSERT INTO PartRequired_car_model VALUES (6, ' Honda Accord', 7, 1);
INSERT INTO PartRequired_car_model VALUES (6, ' Nisan Altima', 7, 1);
INSERT INTO PartRequired_car_model VALUES (6, ' Nissan Rogue', 7, 1);

INSERT INTO PartRequired_car_model VALUES (7, ' Toyota Corolla', 8, 1);
INSERT INTO PartRequired_car_model VALUES (7, ' Toyota Prius', 8, 1);
INSERT INTO PartRequired_car_model VALUES (7, ' Honda Civic', 8, 1);
INSERT INTO PartRequired_car_model VALUES (7, ' Honda Accord', 8, 1);
INSERT INTO PartRequired_car_model VALUES (7, ' Nisan Altima', 8, 2);
INSERT INTO PartRequired_car_model VALUES (7, ' Nissan Rogue', 8, 2);


INSERT INTO PartRequired_car_model VALUES (8, ' Toyota Corolla', 9, 1);
INSERT INTO PartRequired_car_model VALUES (8, ' Toyota Prius', 9, 1);
INSERT INTO PartRequired_car_model VALUES (8, ' Honda Civic', 9, 1);
INSERT INTO PartRequired_car_model VALUES (8, ' Honda Accord', 9, 1);
INSERT INTO PartRequired_car_model VALUES (8, ' Nisan Altima', 9, 1);
INSERT INTO PartRequired_car_model VALUES (8, ' Nissan Rogue', 9, 1);


INSERT INTO PartRequired_car_model VALUES (9, ' Toyota Corolla', 10, 1);
INSERT INTO PartRequired_car_model VALUES (9, ' Toyota Prius', 10, 1);
INSERT INTO PartRequired_car_model VALUES (9, ' Honda Civic', 10, 1);
INSERT INTO PartRequired_car_model VALUES (9, ' Honda Accord', 10, 1);
INSERT INTO PartRequired_car_model VALUES (9, ' Nisan Altima', 10, 2);
INSERT INTO PartRequired_car_model VALUES (9, ' Nissan Rogue', 10, 3);


INSERT INTO PartRequired_car_model VALUES (10, ' Toyota Corolla',11, 6);
INSERT INTO PartRequired_car_model VALUES (10, ' Toyota Prius', 11, 6);
INSERT INTO PartRequired_car_model VALUES (10, ' Honda Civic', 11, 12);
INSERT INTO PartRequired_car_model VALUES (10, ' Honda Accord', 11, 7);
INSERT INTO PartRequired_car_model VALUES (10, ' Nisan Altima', 11, 7);
INSERT INTO PartRequired_car_model VALUES (10, ' Nissan Rogue', 11, 9);


INSERT INTO PartRequired_car_model VALUES (11, ' Toyota Corolla',12, 2);
INSERT INTO PartRequired_car_model VALUES (11, ' Toyota Prius', 12, 2);
INSERT INTO PartRequired_car_model VALUES (11, ' Honda Civic', 12, 2);
INSERT INTO PartRequired_car_model VALUES (11, ' Honda Accord', 12, 2);
INSERT INTO PartRequired_car_model VALUES (11, ' Nisan Altima', 12, 2);
INSERT INTO PartRequired_car_model VALUES (11, ' Nissan Rogue', 12, 2);


INSERT INTO PartRequired_car_model VALUES (12, ' Toyota Corolla',13, 1);
INSERT INTO PartRequired_car_model VALUES (12, ' Toyota Prius', 13, 1);
INSERT INTO PartRequired_car_model VALUES (12, ' Honda Civic', 13, 1);
INSERT INTO PartRequired_car_model VALUES (12, ' Honda Accord', 13, 1);
INSERT INTO PartRequired_car_model VALUES (12, ' Nisan Altima', 13, 1);
INSERT INTO PartRequired_car_model VALUES (12, ' Nissan Rogue', 13, 2);


INSERT INTO PartRequired_car_model VALUES (13, ' Toyota Corolla',14, 4);
INSERT INTO PartRequired_car_model VALUES (13, ' Toyota Prius', 14, 4);
INSERT INTO PartRequired_car_model VALUES (13, ' Honda Civic', 14, 4);
INSERT INTO PartRequired_car_model VALUES (13, ' Honda Accord', 14, 4);
INSERT INTO PartRequired_car_model VALUES (13, ' Nisan Altima', 14, 6);
INSERT INTO PartRequired_car_model VALUES (13, ' Nissan Rogue', 14, 8);


INSERT INTO PartRequired_car_model VALUES (14, ' Toyota Corolla',15, 1);
INSERT INTO PartRequired_car_model VALUES (14, ' Toyota Prius', 15, 1);
INSERT INTO PartRequired_car_model VALUES (14, ' Honda Civic', 15, 1);
INSERT INTO PartRequired_car_model VALUES (14, ' Honda Accord', 15, 1);
INSERT INTO PartRequired_car_model VALUES (14, ' Nisan Altima', 15, 1);
INSERT INTO PartRequired_car_model VALUES (14, ' Nissan Rogue', 15, 1);


INSERT INTO PartRequired_car_model VALUES (15, ' Toyota Corolla',16, 4);
INSERT INTO PartRequired_car_model VALUES (15, ' Toyota Prius', 16, 4);
INSERT INTO PartRequired_car_model VALUES (15, ' Honda Civic', 16, 4);
INSERT INTO PartRequired_car_model VALUES (15, ' Honda Accord', 16, 4);
INSERT INTO PartRequired_car_model VALUES (15, ' Nisan Altima', 16, 6);
INSERT INTO PartRequired_car_model VALUES (15, ' Nissan Rogue', 16, 8);


INSERT INTO PartRequired_car_model VALUES (16, ' Toyota Corolla',17, 1);
INSERT INTO PartRequired_car_model VALUES (16, ' Toyota Prius', 17, 1);
INSERT INTO PartRequired_car_model VALUES (16, ' Honda Civic', 17, 1);
INSERT INTO PartRequired_car_model VALUES (16, ' Honda Accord', 17, 1);
INSERT INTO PartRequired_car_model VALUES (16, ' Nisan Altima', 17, 1);
INSERT INTO PartRequired_car_model VALUES (16, ' Nissan Rogue', 17, 1);

INSERT INTO PartRequired_car_model VALUES (17, ' Toyota Corolla',12, 2);
INSERT INTO PartRequired_car_model VALUES (17, ' Toyota Prius', 12, 2);
INSERT INTO PartRequired_car_model VALUES (17, ' Honda Civic', 12, 2);
INSERT INTO PartRequired_car_model VALUES (17, ' Honda Accord', 12, 2);
INSERT INTO PartRequired_car_model VALUES (17, ' Nisan Altima', 12, 2);
INSERT INTO PartRequired_car_model VALUES (17 ,' Nissan Rogue', 12, 2);

INSERT INTO PartRequired_car_model VALUES (18, ' Toyota Corolla',12, 4);
INSERT INTO PartRequired_car_model VALUES (18, ' Toyota Prius', 12, 4);
INSERT INTO PartRequired_car_model VALUES (18, ' Honda Civic', 12, 4);
INSERT INTO PartRequired_car_model VALUES (18, ' Honda Accord', 12, 4);
INSERT INTO PartRequired_car_model VALUES (18, ' Nisan Altima', 12, 4);
INSERT INTO PartRequired_car_model VALUES (18,' Nissan Rogue', 12, 4);


INSERT INTO PartRequired_car_model VALUES (19, ' Toyota Corolla',18, 4);
INSERT INTO PartRequired_car_model VALUES (19, ' Toyota Prius', 18, 4);
INSERT INTO PartRequired_car_model VALUES (19, ' Honda Civic', 18, 4);
INSERT INTO PartRequired_car_model VALUES (19, ' Honda Accord', 18, 4);
INSERT INTO PartRequired_car_model VALUES (19, ' Nisan Altima', 18, 6);
INSERT INTO PartRequired_car_model VALUES (19,' Nissan Rogue', 18, 8);

INSERT INTO PartRequired_car_model VALUES (20, ' Toyota Corolla',2, 2);
INSERT INTO PartRequired_car_model VALUES (20, ' Toyota Prius', 2, 2);
INSERT INTO PartRequired_car_model VALUES (20, ' Honda Civic', 2, 2);
INSERT INTO PartRequired_car_model VALUES (20, ' Honda Accord', 2, 2);
INSERT INTO PartRequired_car_model VALUES (20, ' Nisan Altima', 2, 2);
INSERT INTO PartRequired_car_model VALUES (20,' Nissan Rogue', 2, 2);

INSERT INTO PartRequired_car_model VALUES (21, ' Toyota Corolla',19, 1);
INSERT INTO PartRequired_car_model VALUES (21, ' Toyota Prius', 19, 1);
INSERT INTO PartRequired_car_model VALUES (21, ' Honda Civic', 19, 1);
INSERT INTO PartRequired_car_model VALUES (21, ' Honda Accord', 19, 1);
INSERT INTO PartRequired_car_model VALUES (21, ' Nisan Altima', 19, 1);
INSERT INTO PartRequired_car_model VALUES (21,' Nissan Rogue', 19, 1);


INSERT INTO Basic_service_mapping (car_model, Service_Type, miles, Basic_services_used )
VALUES ('Toyota Corolla','A',5000,'9,7');
INSERT INTO Basic_service_mapping (car_model, Service_Type, miles, Basic_services_used )
VALUES ('Toyota Corolla','B',25000,'9,7,1,12,3,21,15');
INSERT INTO Basic_service_mapping (car_model, Service_Type, miles, Basic_services_used )
VALUES ('Toyota Corolla','C',45000,'9,7,1,12,3,21,15,16,4,14');
INSERT INTO Basic_service_mapping (car_model, Service_Type, miles, Basic_services_used )
VALUES ('Toyota Prius','A',10000,'9,12,7');
INSERT INTO Basic_service_mapping (car_model, Service_Type, miles, Basic_services_used )
VALUES ('Toyota Prius','B',28000,'9,12,7,1,3,21,15');
INSERT INTO Basic_service_mapping (car_model, Service_Type, miles, Basic_services_used )
VALUES ('Toyota Prius','C',58000,'9,12,7,1,3,21,15,16,4,14');
INSERT INTO Basic_service_mapping (car_model, Service_Type, miles, Basic_services_used )
VALUES ('Nissan Altima','A',10000,'9,1,12,7');
INSERT INTO Basic_service_mapping (car_model, Service_Type, miles, Basic_services_used )
VALUES ('Nissan Altima','B',25000,'9,1,12,7,3,21');
INSERT INTO Basic_service_mapping (car_model, Service_Type, miles, Basic_services_used )
VALUES ('Nissan Altima','C',50000,'9,1,12,7,3,21,16,4,14,15');
INSERT INTO Basic_service_mapping (car_model, Service_Type, miles, Basic_services_used )
VALUES ('Nissan Rogue','A',10000,'9,1,14,12,3,7');
INSERT INTO Basic_service_mapping (car_model, Service_Type, miles, Basic_services_used )
VALUES ('Nissan Rogue','B',37000,'9,1,14,12,3,7,16,21,15');
INSERT INTO Basic_service_mapping (car_model, Service_Type, miles, Basic_services_used )
VALUES ('Nissan Rogue','C',70000,'9,1,14,12,3,7,16,21,15,4,2');
INSERT INTO Basic_service_mapping (car_model, Service_Type, miles, Basic_services_used )
VALUES ('Honda Accord','A',15000,'9,1,12,7');
INSERT INTO Basic_service_mapping (car_model, Service_Type, miles, Basic_services_used )
VALUES ('Honda Accord','B',37000,'9,1,12,7,3,21,15');
INSERT INTO Basic_service_mapping (car_model, Service_Type, miles, Basic_services_used )
VALUES ('Honda Accord','C',67000,'9,1,12,7,3,21,15,16,4,14');
INSERT INTO Basic_service_mapping (car_model, Service_Type, miles, Basic_services_used )
VALUES ('Honda Civic','A',14000,'9,3,7');
INSERT INTO Basic_service_mapping (car_model, Service_Type, miles, Basic_services_used )
VALUES ('Honda Civic','B',29000,'9,3,7,1,12,4,21,15');
INSERT INTO Basic_service_mapping (car_model, Service_Type, miles, Basic_services_used )
VALUES ('Honda Civic','C',44000,'9,3,7,1,12,4,21,15,16,14');


INSERT INTO Repair_service_mapping (repair_id,repair_name, Dignostic_Solution,Diagnostic_Fee,Basic_services_used )VALUES (1, 'Engine Knock','Timing issue',75,'8,15,5,19');
INSERT INTO Repair_service_mapping (repair_id,repair_name, Dignostic_Solution,Diagnostic_Fee,Basic_services_used )VALUES (2, 'Car drifts in a particular direction','Wheel alignment issue',50,'20');
INSERT INTO Repair_service_mapping (repair_id,repair_name, Dignostic_Solution,Diagnostic_Fee,Basic_services_used )VALUES (3, 'Battery does not hold charge','Battery needs replacement',25,'2');
INSERT INTO Repair_service_mapping (repair_id,repair_name, Dignostic_Solution,Diagnostic_Fee,Basic_services_used )VALUES (4, 'Black/unclean exhaust','Bad catalytic convertor and filters',75,'1,12,6');
INSERT INTO Repair_service_mapping (repair_id,repair_name, Dignostic_Solution,Diagnostic_Fee,Basic_services_used )VALUES (5, 'A/C-Heater not working','Drive belt damaged,Coolant not enough,weak battery',50,'8,7,2');
INSERT INTO Repair_service_mapping (repair_id,repair_name, Dignostic_Solution,Diagnostic_Fee,Basic_services_used )VALUES (6, 'Headlamps/Tail lamps not working','Light assembly damaged',30,'11,17,18');
INSERT INTO Repair_service_mapping (repair_id,repair_name, Dignostic_Solution,Diagnostic_Fee,Basic_services_used )VALUES (7, 'Check engine light','Gearbox and Torque convertor issue',100,'13,10,5,19');


insert into Cars values('XYZ-5643','Honda, Civic, 2009','24-12-2009',90452,'C','10-09-2018');
insert into Cars values('AHS-3132','Toyota, Prius, 2007','02-01-2011',65452,'Repair (Battery does not hold charge)','06-08-2018');
insert into Cars values('IRM-1212','Nissan, Altima, 2001','07-09-2002',210452,'A','11-02-2018');
insert into Cars values('TSW-3462','Honda, Accord, 2015','09-12-2015',null,null,null);
insert into Cars values('DEL-8888','Nissan, Rogue, 2014','11-05-2016',31209,'A','11-02-2018');
insert into Cars values('P11-212A','Honda, Accord, 2009','14-04-2010',60452,'B','01-09-2017');
insert into Cars values('WIM-BLE5','Toyota, Prius, 2013','1-03-2014',19876,'A','11-11-2016');


INSERT INTO Repair (Repair_Id, ServiceID, Problem_Cause,Diagnostic_Fees) VALUES (1,2,'​Timing issue',75);
INSERT INTO Repair (Repair_Id, ServiceID, Problem_Cause,Diagnostic_Fees) VALUES (3,4,'​Battery needs replacement',25);

INSERT INTO Maintenance (ServiceID, Service_Type) VALUES (1,'A');
INSERT INTO Maintenance (ServiceID, Service_Type) VALUES (3,'B');




INSERT INTO OrderPart
VALUES ('S0001', 1, '09-06-2014', 3, 5, 'Complete', '13-06-2014', '18-06-2014', 'Toyota');
INSERT INTO Makes
VALUES ('D0001', 'S0001', 1, 3);

INSERT INTO OrderPart
VALUES ('S0001', 2, '16-09-2015', 19, 5, 'Complete', '21-09-2015', '21-09-2015', 'Honda');
INSERT INTO Makes
VALUES ('D0002', 'S0001', 2, 19);

INSERT INTO OrderPart
VALUES ('S0002', 3, '10-02-2016', 11, 5, 'Complete', '11-02-2016', '11-02-2016', 'Honda');
INSERT INTO Makes
VALUES ('S0001', 'S0002', 3, 11);

INSERT INTO OrderPart
VALUES ('S0001', 4, '09-08-2017', 8, 4, 'Complete', '10-08-2017', '11-08-2017', 'Nissan');
INSERT INTO Makes
VALUES ('S0002', 'S0001', 4, 8);

INSERT INTO OrderPart
VALUES ('S0002', 5, '04-10-2018', 1, 6, 'Complete', '05-10-2018', '5-10-2018', 'Toyota');
INSERT INTO Makes
VALUES ('S0001', 'S0002', 5, 1);

INSERT INTO OrderPart
VALUES ('S0001', 6, '26-10-2018', 6, 5, 'Complete', '01-11-2018', '05-11-2018', 'Nissan');
INSERT INTO Makes
VALUES ('D0001', 'S0001', 6, 6);

INSERT INTO OrderPart
VALUES ('S0002', 7, '09-11-2018', 19, 7, 'Pending', '14-11-2018', NULL, 'Honda');
INSERT INTO Makes
VALUES ('D0002', 'S0002', 7, 19);

INSERT INTO OrderPart
VALUES ('S0002', 8, '07-11-2018', 2, 12, 'Pending', '14-11-2018', NULL, 'Honda');
INSERT INTO Makes
VALUES ('D0001', 'S0002', 8, 2);

INSERT INTO OrderPart
VALUES ('S0002', 9, '08-11-2018', 6, 6, 'Pending', '14-11-2018', NULL, 'Honda');
INSERT INTO Makes
VALUES ('D0001', 'S0002', 9, 6);

INSERT INTO OrderPart
VALUES ('S0002', 10, '08-11-2018', 13, 5, 'Pending', '14-11-2018', NULL, 'Honda');
INSERT INTO Makes
VALUES ('D0001', 'S0002', 10, 13);

INSERT INTO OrderPart
VALUES ('S0002', 11, '08-11-2018', 4, 5, 'Pending', '14-11-2018', NULL, 'Honda');
INSERT INTO Makes
VALUES ('D0001', 'S0002', 11, 4);


INSERT INTO Notification
VALUES (6, 1, '05-11-2018', '5 Camshaft from D0001 delayed by 2 business days');
INSERT INTO Lates
VALUES (1, 6);

INSERT INTO Notification
VALUES (4, 2, '11-08-2017', '4 Coolant from S0002 delayed by 1 business day');
INSERT INTO Lates
VALUES (2, 4);

INSERT INTO Notification
VALUES (1, 3, '05-11-2018', '5 Battery from D0001 delayed by 3 business days');
INSERT INTO Lates
VALUES (3, 1);


INSERT INTO Distributor
VALUES('D0002', 'D2', 3, 1);

INSERT INTO Distributor
VALUES('D0002', 'D2', NULL, 2);

INSERT INTO Distributor
VALUES('D0002', 'D2', NULL, 3);

INSERT INTO Distributor
VALUES('D0002', 'D2', 4, 4);

INSERT INTO Distributor
VALUES('D0002', 'D2', 5, 5);

INSERT INTO Distributor
VALUES('D0002', 'D2', NULL, 6);

INSERT INTO Distributor
VALUES('D0002', 'D2', 3, 7);

INSERT INTO Distributor
VALUES('D0002', 'D2', 4, 8);

INSERT INTO Distributor
VALUES('D0002', 'D2', 2, 9);

INSERT INTO Distributor
VALUES('D0002', 'D2', NULL, 10);

INSERT INTO Distributor
VALUES('D0002', 'D2', NULL, 11);

INSERT INTO Distributor
VALUES('D0002', 'D2', NULL, 12);

INSERT INTO Distributor
VALUES('D0002', 'D2', NULL, 13);

INSERT INTO Distributor
VALUES('D0002', 'D2', NULL, 14);

INSERT INTO Distributor
VALUES('D0002', 'D2', NULL, 15);

INSERT INTO Distributor
VALUES('D0002', 'D2', 5, 16);

INSERT INTO Distributor
VALUES('D0002', 'D2', 3, 17);

INSERT INTO Distributor
VALUES('D0002', 'D2', NULL, 18);

INSERT INTO Distributor
VALUES('D0002', 'D2', 3, 19);


insert into Appointment values(1,'28-11-2018',1,5);
insert into Appointment values(2,'29-11-2018',2,8);
insert into Appointment values(3,'29-11-2018',1,3);
insert into Appointment values(4,'30-11-2018',15,21);

insert into login values('950932130','abcde',1);
insert into login values('634622236','12345',2);
insert into login values('557279280','abcd',3);
insert into login values('183683346','12345',3);
insert into login values('557279281','abcd',3);
insert into login values('557279282','abcde',3);
insert into login values('557279283','12345',3);
insert into login values('291056276','abcde',1);
insert into login values('911639633','pqrs',2);
insert into login values('590424694','abcde',3);
insert into login values('310773348','12345',3);
insert into login values('401671897','pqrs',3);
insert into login values('983204784','abcd',3);
insert into login values('187658163','abcde',3);

insert into login values('ethanhunt@gmail.com','password',4);
insert into login values('jarvis@gmail.com','password',4);
insert into login values('lovestory@gmail.com','password',4);
insert into login values('venus@gmail.com','password',4);

insert into goesto Values('XYZ-5643',1001,'S0001');
insert into goesto Values('AHS-3132',1001,'S0001');
insert into goesto Values('IRM-1212',1002,'S0001');
insert into goesto Values('TSW-3462',1003,'S0002');
insert into goesto Values('DEL-8888',1003,'S0002');
insert into goesto Values('P11-212A',1004,'S0002');
insert into goesto Values('WIM-BLE5',1004,'S0002');

INSERT INTO Provides VALUES ('S0001', 1);
INSERT INTO Provides VALUES ('S0002', 2);
INSERT INTO Provides VALUES ('S0001', 3);
INSERT INTO Provides VALUES ('S0002', 4);

INSERT INTO LinkedTo VALUES (1,1);
INSERT INTO LinkedTo VALUES (2,2);
INSERT INTO LinkedTo VALUES (3,3);
INSERT INTO LinkedTo VALUES (4,4);

insert into Request values(1,'XYZ-5643',32000,'James Rivera');
insert into Request values(2,'IRM-1212',35000,'Roland Richmond');
insert into Request values(3,'WIM-BLE5',12000,'Rickie Henderson');

insert into WorksAt values(950932130,'S0001');  
insert into WorksAt values(634622236,'S0001');
insert into WorksAt values(557279280,'S0001');
insert into WorksAt values(183683346,'S0001');
insert into WorksAt values(557279281,'S0001');
insert into WorksAt values(557279282,'S0001');
insert into WorksAt values(557279283,'S0001');
insert into WorksAt values(291056276,'S0002');
insert into WorksAt values(911639633,'S0002');
insert into WorksAt values(590424694,'S0002');
insert into WorksAt values(310773348,'S0002');
insert into WorksAt values(401671897,'S0002');
insert into WorksAt values(983204784,'S0002');
insert into WorksAt values(187658163,'S0002');


INSERT INTO Parts_Mapping VALUES (1, 'Air Filter ', 'Toyota' , 11, NULL);
INSERT INTO Parts_Mapping VALUES (2, 'Axel Rod ', 'Toyota' , 123, 2);
INSERT INTO Parts_Mapping VALUES (3, 'Battery', 'Toyota' , 63, 6);
INSERT INTO Parts_Mapping VALUES (4, 'Brake Fluid', 'Toyota' , 24, NULL);
INSERT INTO Parts_Mapping VALUES (5, 'Brake Shoes', 'Toyota' , 62, 2);
INSERT INTO Parts_Mapping VALUES (6, 'Camshaft', 'Toyota' , 1428, 3);
INSERT INTO Parts_Mapping VALUES (7, 'Catalytic converter', 'Toyota' , 801, 1);
INSERT INTO Parts_Mapping VALUES (8, 'Coolant', 'Toyota' , 63, NULL);
INSERT INTO Parts_Mapping VALUES (9, 'Drive belt', 'Toyota' , 528, 1);
INSERT INTO Parts_Mapping VALUES (10, 'Engine oil', 'Toyota' , 63, NULL);
INSERT INTO Parts_Mapping VALUES (11, 'Gears', 'Toyota' , 523, 1);
INSERT INTO Parts_Mapping VALUES (12, 'Light assembly', 'Toyota' , 617, 2);
INSERT INTO Parts_Mapping VALUES (13, 'Oil Filter', 'Toyota' , 36, NULL);
INSERT INTO Parts_Mapping VALUES (14, 'Piston', 'Toyota' , 1256, 1);
INSERT INTO Parts_Mapping VALUES (15, 'Power Steering Fluid', 'Toyota' , 17, NULL);
INSERT INTO Parts_Mapping VALUES (16, 'Spark plug', 'Toyota' , 64, 2);
INSERT INTO Parts_Mapping VALUES (17, 'Suspension fluid', 'Toyota' , 71, NULL);
INSERT INTO Parts_Mapping VALUES (18, 'Valve', 'Toyota' , 1338, 1);
INSERT INTO Parts_Mapping VALUES (19, 'Wiper Fluid ', 'Toyota' , 28, NULL);
INSERT INTO Parts_Mapping VALUES (1, 'Air Filter ', 'Honda' , 59, NULL);
INSERT INTO Parts_Mapping VALUES (2, 'Axel Rod ', 'Honda' , 141, 2);
INSERT INTO Parts_Mapping VALUES (3, 'Battery', 'Honda' , 79, 3);
INSERT INTO Parts_Mapping VALUES (4, 'Brake Fluid', 'Honda' , 75, NULL);
INSERT INTO Parts_Mapping VALUES (5, 'Brake Shoes', 'Honda' , 41, 3);
INSERT INTO Parts_Mapping VALUES (6, 'Camshaft', 'Honda' , 511, 2);
INSERT INTO Parts_Mapping VALUES (7, 'Catalytic converter', 'Honda' , 716, 2);
INSERT INTO Parts_Mapping VALUES (8, 'Coolant', 'Honda' , 10, NULL);
INSERT INTO Parts_Mapping VALUES (9, 'Drive belt', 'Honda' , 1443, 1);
INSERT INTO Parts_Mapping VALUES (10, 'Engine oil', 'Honda' , 27, NULL);
INSERT INTO Parts_Mapping VALUES (11, 'Gears', 'Honda' , 1344, 3);
INSERT INTO Parts_Mapping VALUES (12, 'Light assembly', 'Honda' , 1342, 2);
INSERT INTO Parts_Mapping VALUES (13, 'Oil Filter', 'Honda' , 42, NULL);
INSERT INTO Parts_Mapping VALUES (14, 'Piston', 'Honda' , 1145, 1);
INSERT INTO Parts_Mapping VALUES (15, 'Power Steering Fluid', 'Honda' , 24, NULL);
INSERT INTO Parts_Mapping VALUES (16, 'Spark plug', 'Honda' , 50, 2);
INSERT INTO Parts_Mapping VALUES (17, 'Suspension fluid', 'Honda' , 77, NULL);
INSERT INTO Parts_Mapping VALUES (18, 'Valve', 'Honda' , 1261, 2);
INSERT INTO Parts_Mapping VALUES (19, 'Wiper Fluid ', 'Honda' , 56, NULL);
INSERT INTO Parts_Mapping VALUES (1, 'Air Filter', 'Nissan' , 61, NULL);
INSERT INTO Parts_Mapping VALUES (2, 'Axel Rod ', 'Nissan' , 241, 3);
INSERT INTO Parts_Mapping VALUES (3, 'Battery', 'Nissan' , 14, 3);
INSERT INTO Parts_Mapping VALUES (4, 'Brake Fluid', 'Nissan' , 16, NULL);
INSERT INTO Parts_Mapping VALUES (5, 'Brake Shoes', 'Nissan' , 47, 1);
INSERT INTO Parts_Mapping VALUES (6, 'Camshaft', 'Nissan' , 1295, 2);
INSERT INTO Parts_Mapping VALUES (7, 'Catalytic converter', 'Nissan' , 589, 1);
INSERT INTO Parts_Mapping VALUES (8, 'Coolant', 'Nissan' , 39, NULL);
INSERT INTO Parts_Mapping VALUES (9, 'Drive belt', 'Nissan' , 1084, 3);
INSERT INTO Parts_Mapping VALUES (10, 'Engine oil', 'Nissan' , 14, NULL);
INSERT INTO Parts_Mapping VALUES (11, 'Gears', 'Nissan' , 1176, 3);
INSERT INTO Parts_Mapping VALUES (12, 'Light assembly', 'Nissan' , 1367, 2);
INSERT INTO Parts_Mapping VALUES (13, 'Oil Filter', 'Nissan' , 61, NULL);
INSERT INTO Parts_Mapping VALUES (14, 'Piston', 'Nissan' , 1341, 1);
INSERT INTO Parts_Mapping VALUES (15, 'Power Steering Fluid', 'Nissan' , 20, NULL);
INSERT INTO Parts_Mapping VALUES (16, 'Spark plug', 'Nissan' , 11, 1);
INSERT INTO Parts_Mapping VALUES (17, 'Suspension fluid', 'Nissan' , 32, NULL);
INSERT INTO Parts_Mapping VALUES (18, 'Valve', 'Nissan' , 1013, 1);
INSERT INTO Parts_Mapping VALUES (19, 'Wiper Fluid ', 'Nissan' , 31, NULL);


























